{
"rows":[
{"execution":"murder","isis":"terrorism","US":"obama","foley":"james"},
{"execution":"death","isis":"iraq","US":"american","foley":"american"},
{"execution":"kill","isis":"syria","US":"airstrikes","foley":"journalist"},
{"execution":"behead","isis":"islamic","US":"military","foley":"murdered"},
{"execution":"knife","isis":"state","US":"president","foley":"video"},
{"execution":"atrocities","isis":"isil","US":"ransom","foley":"hostage"},
{"execution":"video","isis":"extremists","US":"policy","foley":"kidnapped"}
]}