[{
	"id":1,
	"text":"Google News",
	"children":[{
		"id":11,
		"text":"Top Stories",
		"state":"closed",
		"children":[{
			"id":111,
			"text":"Yemen",
			"state":"closed",
			"children":[
			{"text":"Ex-Yemeni Leader Urges Truce and Successor's Ouster"},
			{"text":"How the Yemen conflict risks new chaos in the Middle East"},
			{"text":"600 Pakistanis reach Hudaidah safely from the Yemeni war-torn capital"},
			{"text":"How Yemen's US-backed ex-dictator is tearing his country apart"},
			{"text":"Yemen: Who's joining Saudi Arabia's fight against the Houthis?"},
			{"text":"The Short Answer Why Does Yemen Matter to the World's Oil Market?"},
			{"text":"Arab League Summit Focuses on Yemen"},
			{"text":"Sudan Joins Coalition Against Yemen Rebels"},
			{"text":"Air War In Yemen May Come At The Expense of Coalition Against ISIS"},
			{"text":"White House defends Yemen strategy as Iran-backed rebels surge"},
			{"text":"MSNBC's Mika Brzezinski Hounds Josh Earnest: 'Is Yemen Still A Success Story?'"},
			{"text":"Ex-Ambassador: Rebels In Yemen Exploited A Vacuum"},
			{"text":"Sunday Talk Preview: Yemen, 2016 Race"},
			{"text":"Coming Saudi-Egyptian invasion of Yemen demonstrates Obama foreign-policy ..."}
			]
		},{
			"id":112,
			"text":"Germanwings",
			"state":"closed",
			"children":[
			{"text":"Germanwings Co-Pilot Andreas Lubitz Examined for Vision Problems"},
			{"text":"Germanwings flight attendant studied at Oshkosh North"},
			{"text":"Pilots on the Germanwings Murder/Suicide"},
			{"text":"Germanwings Flight 9525, Technology, and the Question of Trust"},
			{"text":"Germanwings crash: 'the overriding feeling is one of injustice,' says officer ..."},
			{"text":"Germanwings Crash: Airline Pledges $54450 Per Victim For Families"},
			{"text":"The Germanwings Co-pilot's Non-Existent 'Muslim Conversion'"},
			{"text":"Germanwings flight 4U9525: what's it like to listen to a black box recording?"},
			{"text":"Michael Schumacher's step-brother NARROWLY missed being on tragic ..."}
			]
		},{
			"id":113,
			"text":"New York City",
			"state":"closed",
			"children":[
			{"text":"Possibility of Criminal Charges in New York City Building Collapse Growing"},
			{"text":"New York City FC vs. Sporting Kansas City | MLS Match Preview"}
			]
		},{
			"id":114,
			"text":"Boko Haram",
			"state":"closed",
			"children":[{}]

		},{
			"id":115,
			"text":"Harry Reid",
			"state":"closed",
			"children":[{}]
		},{
			"id":116,
			"text":"Zayn Malik",
			"state":"closed",
			"children":[{}]
		},{
			"id":117,
			"text":"Amanda Knox",
			"state":"closed",
			"children":[{}]
		},{
			"id":118,
			"text":"Downton Abbey",
			"state":"closed",
			"children":[{}]
		},{
			"id":119,
			"text":"Iran",
			"state":"closed",
			"children":[{}]
		},{
			"id":110,
			"text":"Indiana",
			"state":"closed",
			"children":[{}]
		},{
			"id":111,
			"text":"ISIS",
			"checked":true,
			"state":"closed",
			"children":[{}]
		}]
	},{
		"id":13,
		"text":"World",
		"state":"closed",
		"children":[{
			"id":131,
			"text":"Yemen",
			"state":"closed",
			"children":[{}]
			
		},{
			"id":132,
			"text":"Germanwings",
			"state":"closed",
			"children":[{}]
		},{
			"id":133,
			"text":"Boko Haram"
			,
			"state":"closed",
			"children":[{}]
		},{
			"id":134,
			"text":"Amanda Knox",
			"checked":true,
			"state":"closed",
			"children":[{}]
			
		},{
			"id":135,
			"text":"Iran",
			"checked":true,
			"state":"closed",
			"children":[{}]
		},{
			"id":136,
			"text":"Edward Miliband",
			"checked":true,
			"state":"closed",
			"children":[{}]
		},{
			"id":137,
			"text":"Goodluck Jonathan",
			"checked":true,
			"state":"closed",
			"children":[{}]
		},{
			"id":138,
			"text":"Bashar al-Assad",
			"checked":true,
			"state":"closed",
			"children":[{}]
		},{
			"id":139,
			"text":"Lee Kuan Yew",
			"checked":true,
			"state":"closed",
			"children":[{}]
		},{
			"id":130,
			"text":"Mogasishu",
			"checked":true,
			"state":"closed",
			"children":[{}]
		}]
	},{
		"id":14,
		"text":"U.S.",
		"state":"closed",
		"children":[]
	},{
		"id":15,
		"text":"Business",
		"state":"closed",
		"children":[]
	},{
		"id":16,
		"text":"Technology",
		"state":"closed",
		"children":[]
	},{
		"id":17,
		"text":"Entertainment",
		"state":"closed",
		"children":[]
	},{
		"id":18,
		"text":"Sport",
		"state":"closed",
		"children":[]
	},{
		"id":19,
		"text":"Science",
		"state":"closed",
		"children":[]
	},{
		"id":20,
		"text":"Health",
		"state":"closed",
		"children":[]
	},{
		"id":21,
		"text":"Philadelphia",
			"state":"closed",
			"children":[{}]
	}
	]
}]
